bucket,days_used,N_total,BS_IVRMSE_x1000_Whole,BS_IVRMSE_x1000_<1,BS_IVRMSE_x1000_>1,BS_IVRMSE_x1000_>1.03,JD_IVRMSE_x1000_Whole,JD_IVRMSE_x1000_<1,JD_IVRMSE_x1000_>1,JD_IVRMSE_x1000_>1.03,Heston_IVRMSE_x1000_Whole,Heston_IVRMSE_x1000_<1,Heston_IVRMSE_x1000_>1,Heston_IVRMSE_x1000_>1.03,QLBS_IVRMSE_x1000_Whole,QLBS_IVRMSE_x1000_<1,QLBS_IVRMSE_x1000_>1,QLBS_IVRMSE_x1000_>1.03,RLOP_IVRMSE_x1000_Whole,RLOP_IVRMSE_x1000_<1,RLOP_IVRMSE_x1000_>1,RLOP_IVRMSE_x1000_>1.03
14d,34,313,381.1045030398532,490.10676898715303,97.09500183162089,102.82010270653117,366.4294460235824,472.315967383399,77.81080160337665,82.52268843882356,396.8265594511051,504.99621213364674,114.4888161117096,117.38569758327976,305.38679522209526,388.9274458667435,82.59254285962183,87.81093019758487,586.2056510073031,654.9488287998018,484.83069465032753,479.55328763038636
28d,34,318,269.60002922146316,347.44562987318534,103.30227117576266,110.59268503196057,247.73618524787898,321.3358256071041,81.76655697192346,88.58419927867067,247.96288803748345,322.29735757413135,80.05857148788174,87.62134072270811,209.70373854036384,264.8385839849864,107.29930767013828,118.48466972139354,221.2616794985959,254.49520702605767,172.72407956648274,180.02457265562808
56d,32,222,65.07180655736647,70.8782537305218,58.19813967577446,60.162380066966094,45.2544565489163,45.58820061532709,44.0252720172035,45.412156568294705,77.74993459382934,92.70161996461233,30.13057761786529,32.02992079157984,150.38348011257412,178.51182141805245,97.35261615794523,97.54934867561431,214.73004940677706,264.53151708355597,72.45322380334397,70.5576454644529
