bucket,BS_IVRMSE_x1000_Whole,BS_IVRMSE_x1000_<1,BS_IVRMSE_x1000_>1,BS_IVRMSE_x1000_>1.03,JD_IVRMSE_x1000_Whole,JD_IVRMSE_x1000_<1,JD_IVRMSE_x1000_>1,JD_IVRMSE_x1000_>1.03,Heston_IVRMSE_x1000_Whole,Heston_IVRMSE_x1000_<1,Heston_IVRMSE_x1000_>1,Heston_IVRMSE_x1000_>1.03,QLBS_IVRMSE_x1000_Whole,QLBS_IVRMSE_x1000_<1,QLBS_IVRMSE_x1000_>1,QLBS_IVRMSE_x1000_>1.03,RLOP_IVRMSE_x1000_Whole,RLOP_IVRMSE_x1000_<1,RLOP_IVRMSE_x1000_>1,RLOP_IVRMSE_x1000_>1.03,days_used,N_total
14d,91.4939628791617,105.12008181433394,63.59916958510549,72.25723746325606,55.2990235605572,55.028037908133825,39.840780513130895,46.135091066886666,74.6992307497569,77.46030876526956,61.272976496691484,71.08763722236095,133.17651896076268,177.03236807577588,60.882869891450696,45.91863211004712,211.01214646000764,238.31847988480902,178.1475525916554,170.85450242362887,35,409
28d,76.49869626946898,88.3512438301001,54.6453688442616,61.89599159669375,17.659115080085382,16.242473988077197,17.50794778445135,20.15015249632115,42.08420370904517,41.31042021724871,32.08454476020033,37.05404045202403,102.6536269897111,133.85959904372714,54.54692960720455,41.656639185475235,82.47204414584954,95.27359325969617,63.709864615754775,55.936981822811084,35,411
56d,65.52306526873707,77.72594291615249,48.659615470910104,56.64235166401736,9.15754831746179,8.863303654597836,9.214446648199289,10.85620381095087,21.952412953705522,14.301862265782997,20.69635975408988,24.833887295516096,85.47346419554343,108.39664177755812,54.29148704769848,42.293513288357644,253.07619682489,351.41369651083716,85.30762444826736,71.88636330998602,35,422
