bucket,days_used,N_total,BS_IVRMSE_x1000_Whole,BS_IVRMSE_x1000_<1,BS_IVRMSE_x1000_>1,BS_IVRMSE_x1000_>1.03,JD_IVRMSE_x1000_Whole,JD_IVRMSE_x1000_<1,JD_IVRMSE_x1000_>1,JD_IVRMSE_x1000_>1.03,Heston_IVRMSE_x1000_Whole,Heston_IVRMSE_x1000_<1,Heston_IVRMSE_x1000_>1,Heston_IVRMSE_x1000_>1.03,QLBS_IVRMSE_x1000_Whole,QLBS_IVRMSE_x1000_<1,QLBS_IVRMSE_x1000_>1,QLBS_IVRMSE_x1000_>1.03,RLOP_IVRMSE_x1000_Whole,RLOP_IVRMSE_x1000_<1,RLOP_IVRMSE_x1000_>1,RLOP_IVRMSE_x1000_>1.03
14d,35,409,102.20715802171506,116.35761117842387,82.75772618115234,95.42951336492831,66.68420565974421,79.80607840193643,44.42844780478431,51.07407326117027,93.36292517429894,105.1273661397086,76.6850417376406,85.9966489905645,179.0183866285406,242.34521846893492,84.0260686625625,59.931246310774966,303.2938040908974,346.69808833007886,257.6491503064031,240.62460048715513
28d,35,411,90.11838954351941,102.8290601091445,73.03658345849159,83.64377039100106,19.20796758567246,18.81491045549322,19.13346080767966,21.930433211457835,64.47370111914094,81.87867348862484,35.47688985964201,41.02690361619136,157.53712444386392,208.0706264805338,83.23480698659067,64.76153650462062,120.44143219641417,148.95084354197465,81.70662987053444,71.71536429672919
56d,35,422,77.7675380583154,90.13442722167666,64.04710168175012,72.95887050178865,9.981289347624944,9.649446766311765,10.328319631394722,12.030094709757101,43.497845081842684,56.02933066916162,24.896233355879364,30.007357550175023,139.57020511119035,182.24544595818583,79.72543613038967,67.24645037823063,463.92956626206126,652.738705011236,89.41966069497158,77.73186625914998
