bucket,days_used,N_total,BS_IVRMSE_x1000_Whole,BS_IVRMSE_x1000_<1,BS_IVRMSE_x1000_>1,BS_IVRMSE_x1000_>1.03,JD_IVRMSE_x1000_Whole,JD_IVRMSE_x1000_<1,JD_IVRMSE_x1000_>1,JD_IVRMSE_x1000_>1.03,Heston_IVRMSE_x1000_Whole,Heston_IVRMSE_x1000_<1,Heston_IVRMSE_x1000_>1,Heston_IVRMSE_x1000_>1.03,QLBS_IVRMSE_x1000_Whole,QLBS_IVRMSE_x1000_<1,QLBS_IVRMSE_x1000_>1,QLBS_IVRMSE_x1000_>1.03,RLOP_IVRMSE_x1000_Whole,RLOP_IVRMSE_x1000_<1,RLOP_IVRMSE_x1000_>1,RLOP_IVRMSE_x1000_>1.03
14d,35,409,102.20715802177084,116.35761118009964,82.75772617931517,95.42951336273053,66.66981843717026,79.80909846474928,44.38087348298559,51.01286822560489,93.39071511816813,105.1839990878755,76.67832653279062,85.9890180418773,179.01036088968175,242.34376657700363,83.99403221548017,59.875157589585996,303.14603135089015,346.7066702951882,257.31497699303486,240.1234876464347
28d,35,411,90.11838954401802,102.82906010123249,73.03658346750717,83.6437704023269,19.15206622213755,18.68080785088419,19.15468174248571,21.95776202661887,64.47806656422863,81.89335447248773,35.46085228953872,41.006089776912546,157.53606100457208,208.06907431607164,83.23480750425632,64.76155310809123,120.440139683194,148.9503129539785,81.70363625439563,71.71136173005549
56d,35,422,77.76753804730271,90.13442715470111,64.04710173578141,72.95887056477103,20.354916417197643,21.560540243862448,19.299528795675794,22.67375380856686,44.61071937654786,51.694778505632314,35.28323124177437,40.47197223680002,139.56959485523245,182.24436008691498,79.72535737701313,67.246344781796,463.9295808009101,652.7387126421052,89.41975406158261,77.73202045667381
