bucket,BS_IVRMSE_x1000_Whole,BS_IVRMSE_x1000_<1,BS_IVRMSE_x1000_>1,BS_IVRMSE_x1000_>1.03,JD_IVRMSE_x1000_Whole,JD_IVRMSE_x1000_<1,JD_IVRMSE_x1000_>1,JD_IVRMSE_x1000_>1.03,Heston_IVRMSE_x1000_Whole,Heston_IVRMSE_x1000_<1,Heston_IVRMSE_x1000_>1,Heston_IVRMSE_x1000_>1.03,QLBS_IVRMSE_x1000_Whole,QLBS_IVRMSE_x1000_<1,QLBS_IVRMSE_x1000_>1,QLBS_IVRMSE_x1000_>1.03,RLOP_IVRMSE_x1000_Whole,RLOP_IVRMSE_x1000_<1,RLOP_IVRMSE_x1000_>1,RLOP_IVRMSE_x1000_>1.03,days_used,N_total
14d,151.72962048742275,169.8246331124796,120.25782467934413,129.06076005170317,95.57105352417742,116.64325818268009,50.36960070679388,53.77976150834576,123.05680343637137,138.93621107968767,96.53763486565768,103.52523655566496,155.24792486506144,184.503240449126,105.19731540649315,110.83337437317658,295.24541039081384,248.98714297395685,332.69606238398967,341.80921341774257,61,1265
28d,106.10395546517586,123.68245471683028,79.43762461189337,85.39640813695095,64.83447953749476,75.07023345035273,43.27666058537939,46.068022341324316,73.3049338586444,86.05911007310455,49.458377944486834,52.91849272655799,111.2304976505342,134.5891344221005,65.95075991603728,66.9322810964487,163.6158402439347,137.32988554710315,182.28935847509143,191.37243212696393,61,1245
56d,68.76823251331665,88.70276949669116,43.041559298533414,45.97689374706867,37.89528614370736,38.97319778052039,31.583262087876292,33.5889054541977,37.555697682672125,42.57640805225264,28.467486613001377,30.23831567375045,74.91710830575204,93.88403010009309,50.43095808214709,48.89216149632154,163.25475964077245,223.61260641913648,83.0299559255075,80.6354837915845,61,1105
