bucket,days_used,N_total,BS_IVRMSE_x1000_Whole,BS_IVRMSE_x1000_<1,BS_IVRMSE_x1000_>1,BS_IVRMSE_x1000_>1.03,JD_IVRMSE_x1000_Whole,JD_IVRMSE_x1000_<1,JD_IVRMSE_x1000_>1,JD_IVRMSE_x1000_>1.03,Heston_IVRMSE_x1000_Whole,Heston_IVRMSE_x1000_<1,Heston_IVRMSE_x1000_>1,Heston_IVRMSE_x1000_>1.03,QLBS_IVRMSE_x1000_Whole,QLBS_IVRMSE_x1000_<1,QLBS_IVRMSE_x1000_>1,QLBS_IVRMSE_x1000_>1.03,RLOP_IVRMSE_x1000_Whole,RLOP_IVRMSE_x1000_<1,RLOP_IVRMSE_x1000_>1,RLOP_IVRMSE_x1000_>1.03
14d,61,1265,163.53905816327517,185.31958613613327,139.13465108288648,149.02677462217142,112.67947706835798,145.21310354143128,63.12262430138267,67.10468401857761,137.99895470727714,156.0865411796461,117.42183995447171,125.40872378578433,173.38608517999836,213.57116302677713,118.26762115955918,125.63706277228545,299.72774476066274,260.0792037707285,336.0202254310228,345.0793943469856
28d,61,1245,115.17194399833204,134.78778041646336,91.01233355077734,98.02855245550384,81.18175198351099,99.37194448700856,54.78198577739036,58.436592865250724,86.1640279423344,104.14502794168978,58.91304885019599,63.27585963454747,123.6465491461437,156.75594896537785,69.85871444809241,72.40152307447656,170.01411044951203,148.56194336767993,190.31850451790828,200.84715258723816
56d,61,1105,75.28374730020062,97.58633948996682,47.53602749354714,50.66958156402423,47.037819812818654,54.99004450005089,38.09461766106761,40.54374144854961,47.50686054989446,59.913344305310886,34.24845544048398,36.38699292349373,80.53560226651368,105.27747433826066,52.21788403413279,51.630489000895906,176.16530962209347,245.41998725268985,86.88585081974001,84.93274652628526
