bucket,BS_IVRMSE_x1000_Whole,BS_IVRMSE_x1000_<1,BS_IVRMSE_x1000_>1,BS_IVRMSE_x1000_>1.03,JD_IVRMSE_x1000_Whole,JD_IVRMSE_x1000_<1,JD_IVRMSE_x1000_>1,JD_IVRMSE_x1000_>1.03,Heston_IVRMSE_x1000_Whole,Heston_IVRMSE_x1000_<1,Heston_IVRMSE_x1000_>1,Heston_IVRMSE_x1000_>1.03,QLBS_IVRMSE_x1000_Whole,QLBS_IVRMSE_x1000_<1,QLBS_IVRMSE_x1000_>1,QLBS_IVRMSE_x1000_>1.03,RLOP_IVRMSE_x1000_Whole,RLOP_IVRMSE_x1000_<1,RLOP_IVRMSE_x1000_>1,RLOP_IVRMSE_x1000_>1.03,days_used,N_total
14d,164.35113769075753,216.13661929071765,65.45385447602447,70.27125638891424,135.66690540035444,166.658073555779,77.18522953356658,85.88134720567776,108.02108643420614,115.62277731057276,90.97156581328782,101.7920489409881,112.81926158818456,126.79813672216156,87.95142806425521,95.52548988813918,120.28208924197831,103.15296116424848,131.7057072304323,141.86075471636644,62,1187
28d,127.95222470018153,169.37055845331543,39.65131832770839,40.43954680269868,94.8950741472505,114.23092043538463,53.588045724222354,59.40501660430292,75.97172271369402,79.31326905877746,58.83906619230045,65.24005302328958,92.55175843449824,107.60574582693202,65.0470365902775,67.4182671983685,73.44534121067946,75.46284644609551,63.6727676149549,61.26783615201246,62,1244
56d,92.68750934831131,124.76108744235714,38.03080094281283,40.752202174753435,60.61162460336655,72.5853398769824,41.84870047780773,45.59489922201235,44.6109171676366,35.52130455370356,46.87108216316173,50.90991225758407,78.22923756967276,91.25312049336213,62.04110471823665,61.80379894982743,367.0630282359956,511.9442834597829,97.39827752559286,85.26619494885344,62,1343
