bucket,days_used,N_total,BS_IVRMSE_x1000_Whole,BS_IVRMSE_x1000_<1,BS_IVRMSE_x1000_>1,BS_IVRMSE_x1000_>1.03,JD_IVRMSE_x1000_Whole,JD_IVRMSE_x1000_<1,JD_IVRMSE_x1000_>1,JD_IVRMSE_x1000_>1.03,Heston_IVRMSE_x1000_Whole,Heston_IVRMSE_x1000_<1,Heston_IVRMSE_x1000_>1,Heston_IVRMSE_x1000_>1.03,QLBS_IVRMSE_x1000_Whole,QLBS_IVRMSE_x1000_<1,QLBS_IVRMSE_x1000_>1,QLBS_IVRMSE_x1000_>1.03,RLOP_IVRMSE_x1000_Whole,RLOP_IVRMSE_x1000_<1,RLOP_IVRMSE_x1000_>1,RLOP_IVRMSE_x1000_>1.03
14d,62,1187,172.0056228654837,226.11736212887405,73.18948930616087,79.51273524961688,152.72776849218585,192.68752938144777,86.80599434193877,96.62252966972105,116.12884888286891,130.81471350907657,94.85244226139874,106.21945009907137,117.82751710245812,135.30196557638175,92.53230877457987,100.52529540465096,129.85616766372473,120.17687398755476,138.8869406565459,147.59500407621516
28d,62,1244,129.5684101548804,171.68976702381656,44.61853183431503,47.04333642231606,102.72594108772188,126.71221152216303,60.60036417702134,66.8474233368992,81.46960349197455,92.50035257233006,63.591895435813925,70.36245914711571,94.28448469611386,110.08863124044991,69.72475009400381,72.51517938214629,76.71032850290217,81.23346301469563,68.85360257500592,69.45597159016586
56d,62,1343,93.86005500147834,127.26204820082317,39.61894605946345,42.63753784193543,67.67639409250988,84.46741660758381,45.504629523267425,49.60522107092076,47.090276934171804,44.949643579170676,49.059499134570075,53.171485764660986,79.40659616412572,92.8996753979217,63.19831771798605,63.48291469796007,385.2704569935296,539.2689234326748,97.98864437385681,85.60221346919731
