bucket,days_used,N_total,BS_IVRMSE_x1000_Whole,BS_IVRMSE_x1000_<1,BS_IVRMSE_x1000_>1,BS_IVRMSE_x1000_>1.03,JD_IVRMSE_x1000_Whole,JD_IVRMSE_x1000_<1,JD_IVRMSE_x1000_>1,JD_IVRMSE_x1000_>1.03,Heston_IVRMSE_x1000_Whole,Heston_IVRMSE_x1000_<1,Heston_IVRMSE_x1000_>1,Heston_IVRMSE_x1000_>1.03,QLBS_IVRMSE_x1000_Whole,QLBS_IVRMSE_x1000_<1,QLBS_IVRMSE_x1000_>1,QLBS_IVRMSE_x1000_>1.03,RLOP_IVRMSE_x1000_Whole,RLOP_IVRMSE_x1000_<1,RLOP_IVRMSE_x1000_>1,RLOP_IVRMSE_x1000_>1.03
14d,62,1187,172.0056228689163,226.11736216253973,73.18948924954957,79.51273519002828,152.51709996906786,192.30444268657305,86.8812873111384,96.7183246906523,116.14643829706785,130.75835352713744,94.96893025541497,106.20912623951337,117.87470094892133,135.30210694348222,92.69935102375972,100.74153513361345,129.79995448210718,120.17691631376655,138.79635355839605,147.4924093681464
28d,62,1244,129.56841017013315,171.68976709898496,44.61853160643943,47.043336184667766,102.72598426201716,126.71227855471193,60.60036086567976,66.847419189262,83.78962534481715,96.70790767215055,63.182579926596595,69.82559688250129,94.31088336041094,110.088480510271,69.74758890005869,72.53957154725737,76.73154746558022,81.23346210821681,68.91983047621744,69.52933498111221
56d,62,1343,93.86005499851362,127.26204818992227,39.61894607763242,42.63753786204288,67.67637423449658,84.46741817621708,45.504567919089766,49.60515242711211,48.4470856973697,46.5253002082397,50.17128352424352,54.53441105739397,79.39771891617912,92.89962608735405,63.16439219070824,63.45065017845899,385.3031973363709,539.2677333728254,98.24099596706938,85.94879162338772
